Model,Accuracy,Precision,Recall,F1-score,Training Time (min),Model Size (MB)
MobileNet,0.9825436408977556,0.9825502464040808,0.9825436408977556,0.9825408064538108,23.679771721363068,14.135868072509766
