Model,Accuracy,Precision,Recall,F1-score,Training Time (min),Model Size (MB)
Custom CNN,0.910224,0.912029,0.910224,0.910312,,
ResNet50,0.7107231920199502,0.7158647020947791,0.7107231920199502,0.7059196480493024,66.82191548347473,93.6158571243286
MobileNet,0.9825436408977556,0.9825502464040808,0.9825436408977556,0.9825408064538108,23.679771721363068,14.135868072509766
EfficientNetB0,0.5311720698254364,0.2821437677626383,0.5311720698254364,0.368533064732306,15.766227972507476,18.13664150238037
