,bird,drone,accuracy,macro avg,weighted avg
precision,0.9230769230769231,0.8398058252427184,0.8802992518703242,0.8814413741598208,0.8840371066359494
recall,0.8450704225352113,0.9202127659574468,0.8802992518703242,0.882641594246329,0.8802992518703242
f1-score,0.8823529411764706,0.8781725888324873,0.8802992518703242,0.880262765004479,0.8803930752396405
support,213.0,188.0,0.8802992518703242,401.0,401.0
